Age,Mobile_Recharge_Level,Bill_Paid_On_Time,Freelance_Rating,Location_Changes_Per_Month,Monthly_Income_k,Creditworthy
56,Medium,Yes,4.5,1,38.68,Yes
28,High,Yes,3.9,0,19.75,Yes
29,Medium,Yes,4.2,1,20.72,Yes
33,Low,Yes,3.3,4,39.87,No
35,High,No,3.8,0,34.47,Yes
37,Low,Yes,4.9,0,28.73,Yes
120,Low,Yes,4.3,1,5.4,Yes
35,Medium,No,4.3,1,33.82,Yes
40,Medium,No,4.5,3,31.59,No
58,Low,Yes,4.2,1,22.25,Yes
0,Low,No,4.5,4,38.04,No
50,Low,Yes,4.9,3,16.02,No
31,High,No,3.7,0,16.56,No
32,Medium,Yes,3.3,2,35.42,Yes
32,Medium,Yes,4.1,0,20.73,Yes
19,Medium,Yes,4.1,0,15.45,Yes
37,High,Yes,3.8,1,21.72,Yes
30,High,Yes,2.6,0,28.46,Yes
59,Medium,No,4.3,4,5,No
19,Medium,Yes,4.2,0,28.45,Yes
49,High,Yes,4.2,2,13.31,Yes
28,Medium,Yes,4.1,4,39.01,Yes
23,Medium,No,3.5,2,18.18,No
24,Low,Yes,4.6,0,23.39,Yes
45,Medium,Yes,5,1,28.96,Yes
19,High,No,4.8,0,26.52,Yes
58,Medium,No,4.6,0,37.17,Yes
25,Medium,Yes,3.1,3,36.69,No
19,Medium,Yes,4.6,1,15.46,Yes
37,Medium,No,3.6,2,36.05,No
39,Low,No,4.7,3,22.6,No
50,Low,No,3.6,4,29.82,No
41,Medium,Yes,4.4,0,25.51,Yes
38,Low,Yes,2.8,3,22.32,No
49,Medium,Yes,3.7,2,14.73,No
56,Low,No,4.4,3,27.57,No
18,Low,Yes,4.2,2,20.91,Yes
39,Medium,Yes,3.7,2,21.65,Yes
22,Medium,No,4,1,12.09,No
33,High,Yes,4.8,1,18.71,Yes
43,Low,No,4.5,1,33.66,No
120,Medium,Yes,4.3,2,30.78,Yes
46,Medium,Yes,5,0,17.92,Yes
31,Low,Yes,4.6,1,31,Yes
54,Medium,Yes,3.9,2,26.31,Yes
18,Medium,Yes,4.5,5,26.48,Yes
50,Medium,Yes,4.1,2,30.88,Yes
30,Low,Yes,4.3,1,20.7,No
46,High,Yes,3.8,0,33.5,Yes
117,High,No,3.8,0,33.77,Yes
26,Medium,Yes,3.8,1,28.83,Yes
40,High,No,5,1,20.6,Yes
34,Medium,Yes,3.3,0,16.57,No
53,Low,No,4,4,18.87,No
52,Medium,Yes,4,3,27.49,No
52,High,Yes,4.6,0,38.58,Yes
24,Medium,No,4.7,0,22.66,Yes
46,Low,No,3.3,4,10.93,No
48,Medium,Yes,3.6,1,33.32,Yes
30,Medium,Yes,4.7,3,32.68,Yes
42,High,Yes,4.2,1,34.84,Yes
52,Medium,Yes,3.9,2,19.44,No
20,High,Yes,4.1,1,34.76,Yes
45,Medium,Yes,3.7,1,16.25,Yes
44,Medium,Yes,4.8,1,19.23,Yes
52,High,No,4.6,3,39.77,Yes
50,Medium,Yes,3.8,2,39.36,Yes
58,Medium,Yes,4.2,3,25.47,Yes
31,Low,Yes,3.7,2,18.29,No
48,Low,Yes,5,3,26.16,Yes
47,Medium,Yes,2.6,5,18.45,No
51,Medium,Yes,4.4,3,20.46,Yes
59,High,No,3.2,2,24.44,No
30,Low,Yes,4.5,2,5,Yes
33,Medium,Yes,4.6,2,22.09,Yes
36,High,Yes,4.1,2,24.23,Yes
51,Low,Yes,3.8,2,22.26,No
34,Low,No,3.8,0,30.8,No
120,Low,No,5,0,27.52,Yes
24,Medium,No,4,1,34.02,No
54,Low,Yes,3.3,1,27.07,Yes
27,Medium,Yes,4.2,2,16.39,Yes
8,Medium,Yes,4.3,1,33.4,Yes
23,Medium,Yes,3.8,0,20.13,Yes
47,Low,No,4.2,2,16.69,No
19,Medium,No,5,3,24.25,No
22,Low,Yes,4.4,1,5,Yes
43,Medium,Yes,4.7,1,25.11,Yes
23,Medium,Yes,4.8,1,19.23,No
34,Low,Yes,5,0,29.65,No
120,High,No,4.4,1,18.96,Yes
52,High,No,4.5,2,31.96,Yes
36,Medium,Yes,4.7,2,21.74,No
31,High,Yes,2.8,1,40.11,Yes
120,Medium,No,3.7,2,27.87,No
32,High,Yes,4.5,4,40.83,Yes
21,Medium,No,4,1,33.29,No
53,Medium,Yes,5,1,26.82,Yes
19,Low,Yes,5,3,30.17,Yes
23,Medium,Yes,4.3,1,51.44,Yes
29,Low,No,4.9,1,31.72,Yes
120,Low,No,3.8,0,20.05,No
40,High,No,5,1,30.24,Yes
26,Low,No,3.7,3,27.46,No
120,Medium,Yes,4,0,9.97,No
41,Medium,Yes,3.8,0,34.06,Yes
38,Medium,No,5,2,8.71,No
24,Medium,Yes,3.7,1,31.74,Yes
120,Medium,Yes,4.4,1,36.67,Yes
19,Medium,Yes,5,0,24.82,Yes
25,High,No,3.4,2,17.22,Yes
45,High,No,4.9,1,5,Yes
25,Low,No,4.5,1,14.47,No
49,High,Yes,3.2,0,15.99,Yes
27,Low,Yes,3.2,3,42.65,No
19,Medium,Yes,3.9,3,35.16,No
39,Medium,Yes,4.4,1,25.39,Yes
34,Low,Yes,3.4,0,32.43,Yes
21,Low,No,4.9,3,36.51,No
120,Medium,Yes,3.9,0,30.27,Yes
38,Low,Yes,3.7,2,33.44,Yes
34,Medium,Yes,3.8,0,25.26,Yes
18,Low,Yes,3.8,1,10.93,No
56,Medium,No,4.5,0,23.82,Yes
50,Low,Yes,4.4,2,22.19,Yes
26,Medium,Yes,4.3,2,21.65,Yes
56,Low,Yes,4.8,4,19.06,No
33,High,No,4.5,2,35.81,Yes
42,Medium,Yes,4.3,0,21.18,Yes
33,High,Yes,4.7,0,26.34,Yes
24,Low,No,4.9,3,24.2,No
48,Medium,Yes,4.8,2,24.5,Yes
56,Medium,Yes,3.8,3,35.44,No
120,High,Yes,4.2,4,35.65,No
46,Low,Yes,3.2,1,30.68,Yes
56,Medium,No,4.2,2,23.65,Yes
54,Low,Yes,4.2,2,27.34,Yes
54,Medium,Yes,4.8,3,22.86,Yes
21,Low,No,4.9,1,41.21,Yes
51,Medium,Yes,4.5,0,36.94,Yes
26,High,No,4,2,13.26,No
49,Medium,Yes,2.9,1,16.22,No
120,High,No,4.5,1,35.84,No
41,Low,Yes,4.1,2,26.02,Yes
45,Low,No,2.1,2,16.3,No
51,Medium,No,4.3,1,42.31,Yes
58,Medium,Yes,3.6,4,30.94,No
49,Medium,No,4.4,2,21.07,No
49,Low,Yes,3.6,1,26.54,Yes
52,Low,Yes,4.2,2,21.7,Yes
54,Low,No,3.9,1,26.94,No
39,Medium,Yes,3.8,2,44.11,Yes
46,Low,Yes,5,2,24.34,No
46,High,Yes,4.3,2,36.66,No
31,Low,Yes,3.1,2,19.33,Yes
52,Low,Yes,4.8,2,21.57,Yes
34,Low,Yes,5,0,5,Yes
46,Low,Yes,4.3,2,32.09,Yes
34,Medium,Yes,3.3,0,28.16,Yes
39,Medium,Yes,3.8,1,34.96,Yes
35,Medium,Yes,4.9,4,32.42,Yes
29,High,Yes,5,2,24.77,Yes
50,Medium,Yes,4,0,24.14,Yes
39,Medium,No,4.6,1,15.21,No
57,Medium,No,4.2,4,18.53,No
24,Medium,Yes,10,1,29.64,Yes
59,Medium,No,5,2,35.75,Yes
53,Medium,No,3.9,0,24.18,No
23,Medium,Yes,3.5,1,30.64,Yes
32,Low,Yes,4.4,2,31.47,Yes
37,Medium,Yes,5,0,29.12,No
51,Medium,No,4.1,1,33.84,Yes
29,Medium,Yes,3.9,2,31.23,Yes
59,Low,No,4.4,1,22.09,Yes
31,Medium,Yes,3.5,2,28.19,Yes
54,Low,Yes,3.2,1,40.46,Yes
27,Low,Yes,2.9,2,27.54,Yes
29,Medium,Yes,4.7,3,37.23,Yes
32,Medium,Yes,4,0,20.49,Yes
18,Low,Yes,4.1,1,29.48,Yes
59,Medium,Yes,3.3,1,30.03,Yes
55,Low,Yes,4.9,0,14.6,Yes
25,High,Yes,3.8,1,44.14,Yes
51,Medium,No,4.1,1,24.73,Yes
57,Medium,Yes,4.6,3,26.41,Yes
19,High,Yes,4.2,5,28.29,Yes
21,Medium,No,4.6,2,31.35,Yes
24,Low,Yes,3.4,2,8.56,No
49,Medium,Yes,4.3,2,18,Yes
20,Medium,No,4.3,1,13.19,No
40,High,No,4.7,2,27.81,Yes
38,Medium,Yes,4.4,3,13.9,Yes
25,Medium,Yes,3.6,1,34.41,Yes
28,Low,No,3.9,2,30.14,No
53,Medium,Yes,3.9,1,36.52,Yes
30,Medium,No,4,0,29.01,No
27,Low,Yes,4.3,1,27.65,Yes
21,Low,No,5,0,16.72,No
53,Low,Yes,3.9,2,19.14,No
39,Low,Yes,4.8,1,47.11,Yes
42,High,Yes,3.7,2,41.39,Yes
56,Medium,No,3.2,18,35.46,No
54,High,Yes,3.5,1,17.89,Yes
19,Medium,Yes,3.4,2,33.24,Yes
20,Low,Yes,3.3,2,11.7,No
39,Medium,No,4.5,0,15.79,No
33,Medium,Yes,2.8,0,20.01,Yes
57,Low,No,3.7,1,32.89,No
39,Low,No,4.3,2,23.48,Yes
50,Low,Yes,3.3,1,13.09,No
20,Medium,Yes,4.4,4,49.93,Yes
59,Medium,Yes,4.4,1,45.02,Yes
24,Medium,Yes,3.5,3,21.47,No
42,Medium,Yes,4.7,0,9.02,Yes
33,Medium,Yes,2.7,0,25.64,Yes
51,Low,Yes,4.5,1,25.54,Yes
31,High,Yes,4.2,1,22.69,Yes
22,Medium,Yes,4.3,2,21.63,Yes
26,Medium,Yes,4.5,2,15.78,Yes
54,Medium,Yes,4.5,1,47.89,Yes
52,Medium,Yes,4.5,1,32.59,Yes
19,Low,Yes,4.4,1,38.68,Yes
22,Low,Yes,3.6,2,24.69,Yes
43,Low,No,4.6,3,12.62,No
59,High,No,3.8,2,35.4,No
27,High,Yes,4.6,1,30.09,Yes
39,Medium,Yes,4.2,0,17.47,Yes
49,High,Yes,4.7,1,37.28,Yes
34,High,No,3.4,2,15.28,No
45,Medium,Yes,5,0,26.88,Yes
27,Low,Yes,4.6,1,38.11,Yes
53,Medium,No,4.5,0,46.65,Yes
27,Medium,Yes,4.2,4,27.69,Yes
32,Low,Yes,4.1,1,17.21,Yes
39,Low,No,4.2,0,45.43,Yes
38,Low,No,4.1,3,27.83,No
24,Low,Yes,4.9,1,17.01,No
30,Low,Yes,4.7,0,30.78,Yes
40,High,No,5,1,35.75,Yes
36,Low,Yes,4.8,1,27.05,Yes
33,High,No,4,0,31.1,Yes
59,Medium,Yes,4.7,2,30.84,Yes
120,Medium,Yes,3.7,2,31.48,Yes
48,Medium,No,5,2,21,Yes
38,Low,Yes,4,2,13.19,No
20,Low,Yes,5,3,43.87,Yes
36,Medium,Yes,4.1,4,20.47,Yes
53,Low,No,3.8,0,11.89,Yes
45,Medium,No,4.3,2,30.77,Yes
44,Medium,No,4.7,1,33.76,Yes
27,Medium,Yes,4.3,2,7.32,Yes
43,High,No,4.5,1,19.67,Yes
23,Medium,Yes,4,2,15.01,No
41,Low,Yes,3.7,2,16.73,No
48,Medium,No,4.2,0,17.53,No
37,Medium,Yes,3.4,1,14.05,No
32,Low,Yes,4.2,1,30.16,Yes
31,Medium,No,4.7,0,12.46,No
41,Medium,Yes,3.8,0,41.29,Yes
39,Medium,Yes,4,2,26.52,Yes
23,High,Yes,4.4,0,16.16,Yes
27,Medium,Yes,4.6,0,45.57,Yes
120,Low,Yes,2.9,4,24.63,No
57,High,No,4,3,30.11,No
42,Low,Yes,3.7,2,9.84,No
36,Medium,Yes,5,1,17.93,Yes
26,Medium,No,3.5,2,26.18,No
20,Medium,No,4.2,1,12.17,No
25,High,Yes,4.1,1,13.37,Yes
49,Low,No,3.6,4,24.59,No
44,Medium,Yes,3.9,2,12.43,No
55,Medium,No,4,2,5.45,No
51,High,No,3.2,0,26.62,Yes
43,Low,Yes,4,2,15.78,Yes
120,Medium,No,3.9,0,31.66,No
33,Low,Yes,4.5,1,14.93,Yes
20,Medium,Yes,3.6,0,18.22,No
31,High,Yes,4.4,1,32.47,Yes
44,Medium,Yes,3.9,0,11.79,No
36,High,Yes,3.9,2,24.09,Yes
36,High,No,4.7,3,29.95,Yes
36,High,Yes,4.4,0,43.38,Yes
47,Low,Yes,4.7,0,19.47,Yes
58,Low,No,4.5,2,33.99,Yes
33,Low,No,4.2,3,20.33,No
37,Low,Yes,4.3,0,42.09,Yes
52,High,No,4.6,1,51.88,Yes
29,Medium,Yes,3.6,0,20.31,Yes
38,Medium,Yes,3.6,1,32.83,Yes
39,Medium,No,3.7,2,15.69,No
55,Low,Yes,3.9,0,5,No
25,Low,Yes,3.4,2,5,No
37,Low,Yes,4,3,17.48,No
58,Medium,Yes,3.7,1,27.69,Yes
58,Low,Yes,4.2,1,19.1,Yes
57,Medium,Yes,4.4,1,30.09,Yes
43,High,No,4.3,1,18.85,Yes
47,High,Yes,4.3,2,16.81,Yes
32,Medium,Yes,5,3,38.27,Yes
26,Medium,No,3.8,1,28.62,No
33,High,No,4.4,1,44.01,No
32,Low,Yes,3,4,32.33,No
52,Low,Yes,4.4,1,35.51,Yes
20,High,No,3.1,1,18.07,No
53,Medium,Yes,3.4,1,25.44,Yes
18,Medium,Yes,4.2,1,23.39,Yes
48,Medium,Yes,4.9,2,26.11,Yes
22,Low,No,3.5,0,25.98,No
44,Low,Yes,4,2,40.99,Yes
59,Medium,Yes,4.3,1,24.86,Yes
34,Medium,Yes,3.5,3,26.43,No
20,Medium,Yes,3.4,2,16.35,No
45,Medium,No,4.4,0,21.42,Yes
34,Medium,Yes,4.8,2,18.66,Yes
22,Medium,Yes,4.4,2,29.68,Yes
28,Medium,Yes,4,0,44.68,Yes
23,Low,Yes,4.2,2,28.91,Yes
55,Medium,Yes,5,3,13.43,No
120,Medium,No,4.4,1,39.92,Yes
26,Low,Yes,3.4,1,34.63,Yes
20,Medium,Yes,4.6,0,26.95,Yes
49,High,Yes,4.2,3,35.8,Yes
52,Low,No,4.8,1,30.13,Yes
18,Medium,Yes,4.3,1,26.45,Yes
40,Medium,Yes,3.2,0,8.67,No
52,Medium,Yes,5,0,31.72,Yes
36,Medium,Yes,4.2,2,16.83,Yes
19,Medium,Yes,4.5,1,21.61,Yes
44,Low,Yes,4.3,0,37.03,No
30,Medium,Yes,3.7,2,28.35,Yes
27,High,Yes,4.5,1,47.19,Yes
41,Low,Yes,3.8,0,40.57,Yes
51,Low,Yes,3.8,1,25.15,Yes
40,Medium,Yes,4.5,0,23.26,Yes
45,Low,Yes,4.6,2,20.12,Yes
30,Medium,Yes,4.3,0,29.6,Yes
40,Medium,Yes,5,0,34.26,Yes
40,Low,No,3.9,0,16.7,No
21,Medium,Yes,4.3,1,22.15,Yes
54,Medium,Yes,4.2,0,36.12,Yes
31,Medium,Yes,4,2,28.27,Yes
26,Medium,Yes,4,2,28.65,Yes
41,High,Yes,4.3,2,21.6,Yes
52,Medium,No,4.3,0,39.8,Yes
27,Low,Yes,4.1,1,15.06,Yes
120,High,Yes,4.6,0,28.67,Yes
43,Medium,Yes,4.6,2,32.18,Yes
59,Medium,No,4,0,19.26,No
42,Medium,Yes,3.5,0,10.32,No
53,Medium,No,4.5,2,44.44,Yes
39,Low,No,4.4,2,26.5,Yes
43,Medium,No,4.3,3,9.06,No
34,Low,Yes,4.4,2,15.06,Yes
25,Medium,Yes,3.5,2,33.49,Yes
48,Medium,Yes,3.7,0,45.9,Yes
55,Medium,Yes,5,0,25.07,Yes
55,High,No,3.4,2,26.92,Yes
25,Low,Yes,4.5,2,28.71,Yes
52,Medium,Yes,4.2,0,31.24,No
54,Medium,Yes,4.3,1,18.38,Yes
46,High,No,4.2,2,30.72,Yes
25,Medium,Yes,4.1,6,9.54,No
45,High,Yes,3.4,2,31.05,Yes
44,Low,Yes,4.7,0,22.82,Yes
53,Low,Yes,3.4,4,8.97,No
35,High,Yes,3.1,4,41.1,Yes
28,Medium,Yes,3.5,2,32.08,Yes
38,Medium,No,3.7,5,11.7,No
120,Medium,Yes,3.7,1,14.7,No
44,Low,No,2.6,3,26.99,No
41,Medium,No,2.4,0,37.48,No
40,High,Yes,5,1,49.34,Yes
23,Low,No,3.8,1,14.77,No
39,Medium,No,4.6,3,13.51,No
120,Medium,No,3.9,4,13.65,No
38,Low,Yes,5,0,19.95,Yes
51,Medium,Yes,4.6,1,9.97,Yes
38,Medium,No,3.7,2,30.39,No
32,Medium,Yes,4.3,2,29.98,Yes
58,Low,Yes,4.5,3,32.79,Yes
20,Medium,Yes,4.7,0,22.8,Yes
52,Low,No,4.2,1,29.55,Yes
36,Medium,Yes,2.8,1,38.5,Yes
57,Low,No,2.9,0,35.97,No
27,High,Yes,3.3,2,35.15,No
31,Medium,Yes,4.2,1,18.6,No
44,Medium,No,4.8,1,23.15,Yes
50,Low,Yes,3.5,0,37.36,Yes
56,High,Yes,4.9,0,39.48,Yes
36,Medium,Yes,4.2,1,22.33,Yes
22,High,Yes,4.4,0,12.12,Yes
29,Low,Yes,5,3,26.19,Yes
56,Low,No,4.1,2,17.77,No
19,Low,Yes,4.9,1,35.14,Yes
53,Low,Yes,5,0,15.22,Yes
38,Low,Yes,4.8,1,36.7,Yes
21,High,Yes,4.7,1,39.59,Yes
55,Low,Yes,3.7,3,23.59,No
46,Medium,Yes,5,1,30.4,Yes
56,Low,No,3.7,1,18.09,No
57,Medium,Yes,4.5,1,11.5,Yes
27,High,Yes,3.1,2,24.45,Yes
44,Medium,Yes,4.6,2,22.91,Yes
45,High,No,4.8,3,22.63,Yes
120,Medium,Yes,5,1,25,Yes
39,Medium,Yes,4.7,0,24.83,Yes
20,Medium,Yes,3.8,0,20.08,Yes
22,Medium,No,4.7,3,34.58,No
29,Low,Yes,2.9,3,30.33,No
49,High,No,3.4,1,39.49,Yes
38,High,Yes,3.9,3,35.33,Yes
33,Medium,Yes,3.5,1,28.59,Yes
40,Medium,No,4.3,2,36.21,Yes
47,Low,Yes,4,1,29.25,Yes
53,Low,Yes,3.7,1,19.9,No
32,Medium,Yes,4.2,3,27.22,Yes
59,Low,Yes,4.8,2,22.59,Yes
46,Medium,No,3.6,5,25.32,No
42,Medium,Yes,4,5,28.64,No
39,High,Yes,4.9,1,18.74,Yes
19,Medium,Yes,4.2,1,23.02,Yes
19,Low,No,4.7,1,5,No
35,Medium,No,3.1,0,31.2,No
31,Medium,Yes,3.8,3,5,No
19,Medium,Yes,4.4,0,40.13,No
25,Medium,Yes,2.9,2,28.05,Yes
36,Medium,No,3.9,5,20.21,No
53,High,Yes,3.7,2,35.61,Yes
57,Medium,Yes,4,2,10.94,Yes
34,Medium,Yes,3.1,3,5,No
20,High,Yes,3.5,0,16.05,Yes
30,Medium,No,4.1,4,38.08,No
25,Low,Yes,4.4,0,9.35,Yes
120,Medium,Yes,5,2,26.04,Yes
25,Low,Yes,4.7,2,31.12,Yes
32,Medium,Yes,4,0,35.99,Yes
52,Low,Yes,4.3,1,29.84,Yes
52,High,Yes,3.2,0,10.25,Yes
46,Medium,Yes,3.7,1,40.32,Yes
41,Medium,Yes,5,1,38.51,Yes
21,High,Yes,4.2,4,32.15,Yes
28,Low,Yes,4.9,1,35.78,Yes
36,Medium,No,3.4,0,21.11,No
34,High,Yes,5,4,33.54,Yes
47,High,Yes,4.5,0,35.41,Yes
28,Medium,Yes,3.7,4,23.51,No
120,Medium,Yes,4.4,2,25.75,Yes
37,Medium,Yes,5,2,14.94,Yes
51,Low,Yes,4.1,1,9.51,Yes
32,Low,No,3.2,2,20.37,No
47,Low,No,3.4,2,12,No
21,Low,Yes,4.2,1,16.52,Yes
120,Low,Yes,3.8,1,35.08,Yes
120,Low,Yes,4.7,0,19.5,Yes
51,Medium,No,5,2,33.14,Yes
56,Medium,No,2.7,3,44.87,No
52,Medium,Yes,3.8,4,41.9,No
30,Medium,Yes,3.5,1,31.61,Yes
49,Low,Yes,4.1,2,27.3,Yes
33,Low,No,4.2,0,29.45,Yes
31,Low,No,4,2,32.39,No
42,Low,Yes,5,3,47.67,Yes
37,Medium,Yes,4.4,0,8.35,Yes
41,Medium,No,3.8,2,17.67,No
42,Medium,Yes,4.2,3,41.12,Yes
35,Low,Yes,3.8,3,13.9,Yes
48,Low,Yes,4.6,4,20.46,Yes
49,Low,No,4.3,1,16.07,No
18,Medium,Yes,4.3,1,18.56,Yes
46,High,No,4.1,2,31.33,Yes
25,Medium,Yes,4.1,3,24.36,Yes
34,Medium,Yes,4.7,2,10.08,Yes
120,High,Yes,4.8,2,35.38,Yes
52,Low,Yes,4.2,3,27.3,Yes
44,Low,Yes,3.5,2,27.98,Yes
41,Medium,Yes,4.7,4,33.16,Yes
32,Medium,No,4.7,3,15.31,No
18,Medium,No,4.3,2,31.16,Yes
50,Low,Yes,4.7,2,38.72,Yes
40,Medium,No,4.4,3,37.72,No
25,High,No,4.3,1,15.88,Yes
55,Low,Yes,5,0,31.02,Yes
47,High,Yes,4.4,2,28.78,Yes
45,High,Yes,4.2,1,29.51,Yes
42,Medium,Yes,4.5,1,11.65,Yes
59,High,No,2.9,2,21.71,Yes
43,Low,No,4.6,1,22.61,Yes
25,High,No,3.7,2,5,No
39,Low,Yes,4.6,1,26.49,Yes
35,Medium,No,3.9,1,30.5,No
52,Low,Yes,2.9,3,36.44,No
18,Medium,No,5,1,44.55,Yes
21,Medium,Yes,4.3,1,9.83,Yes
25,Medium,No,4.3,2,31.93,Yes
120,Low,No,3.5,2,5,No
21,Medium,Yes,3.3,1,20.86,Yes
120,Medium,Yes,4.1,2,29.2,Yes
23,Medium,Yes,5,3,10.32,No
31,Medium,Yes,3.4,1,30.72,Yes
47,Medium,Yes,3.2,3,44.81,No
58,Low,Yes,3.9,1,22.75,Yes
39,High,Yes,4.5,2,21.42,Yes
120,Medium,Yes,4.5,3,31.72,Yes
59,Medium,Yes,4.2,1,29.43,Yes
25,High,Yes,3.8,3,25.7,Yes
53,High,No,4.1,2,16.03,Yes
33,Medium,Yes,4.4,3,30.2,Yes
120,Medium,No,3.8,0,29.56,No
23,Medium,Yes,4.2,2,24.11,Yes
51,Low,Yes,4.5,2,21.74,Yes
36,Medium,No,3.9,1,28.55,No
22,Low,No,5,1,13.58,No
59,Medium,Yes,4.9,4,17.97,No
27,Medium,Yes,4.9,0,27.1,Yes
48,Medium,No,5,0,27.95,Yes
29,Low,No,4.6,1,17.76,No
36,Low,No,4.7,1,29.51,Yes
19,Medium,Yes,4.6,1,24.45,No
59,Low,Yes,4,1,22.26,Yes
33,Medium,Yes,4.1,1,30.33,Yes
49,High,No,5,3,24.05,No
31,Medium,No,3.5,0,28.22,No
38,Low,Yes,3.2,2,35.59,Yes
53,High,No,3.2,3,33.74,No
33,Low,Yes,4.9,0,42.35,Yes
23,Medium,No,4.3,2,22.59,Yes
22,Low,Yes,4.7,0,32.21,No
50,Low,Yes,3.5,0,26.78,Yes
49,High,No,4.6,0,52.66,Yes
42,Medium,Yes,3.9,0,5,No
49,Low,No,5,4,5,No
18,Medium,Yes,3.5,0,36.37,Yes
20,Medium,Yes,4.3,1,15.07,Yes
36,Medium,Yes,3.9,2,7.62,No
25,High,Yes,5,1,18.58,Yes
36,High,No,3.7,0,24.55,Yes
59,High,Yes,5,1,24.81,No
120,Low,No,3.5,1,26.36,No
56,Medium,Yes,4.5,2,42.96,Yes
41,High,No,3.9,4,33.71,Yes
45,High,Yes,4.3,2,15.21,Yes
36,Low,Yes,4.2,0,17.78,Yes
47,High,No,4.4,0,24.7,Yes
55,Medium,Yes,3.8,0,29.11,Yes
27,Medium,Yes,3.1,1,39.9,Yes
51,Low,Yes,3.6,0,31.89,Yes
26,Low,Yes,3.7,2,14.72,No
35,Low,No,4.8,2,26.68,Yes
43,Medium,Yes,3.8,3,14.91,No
24,Medium,Yes,5,2,9.21,Yes
54,Low,No,4.4,1,20.11,Yes
38,Low,Yes,3,1,33.7,Yes
35,Medium,No,3.4,1,19.68,No
28,High,Yes,4.9,4,19.41,Yes
33,High,Yes,4.1,1,24.59,Yes
39,Low,Yes,4.3,1,40.89,Yes
32,Medium,Yes,4.5,1,18.65,Yes
29,Medium,Yes,2.8,1,21.61,Yes
21,Low,Yes,4.8,1,52.51,Yes
31,High,Yes,4.3,1,11.63,Yes
33,High,Yes,3.2,4,26.2,Yes
30,Low,Yes,3.6,0,30.02,Yes
44,Medium,Yes,4.8,0,43.3,Yes
51,Low,No,4.5,0,25.57,Yes
30,Low,Yes,3.4,1,30.07,Yes
29,Low,Yes,4.9,2,18.73,Yes
41,Medium,Yes,3.8,2,35.78,Yes
36,Medium,Yes,4.4,2,32.84,Yes
39,Low,Yes,3.6,0,22.16,Yes
39,High,No,5,1,13.31,Yes
47,High,Yes,4.6,0,12.79,Yes
44,Medium,Yes,4.9,1,18.76,Yes
26,Medium,Yes,4.2,0,10.93,Yes
40,Medium,No,4.3,0,21.31,Yes
58,Medium,Yes,4.6,0,26.23,Yes
52,Low,Yes,3.7,0,38.78,No
52,High,Yes,4.8,2,26.85,Yes
120,Low,Yes,3.6,0,20.14,No
57,Low,Yes,5,2,38.31,Yes
56,Medium,No,4.6,0,41.59,Yes
26,Medium,Yes,4,1,32.85,Yes
32,Low,No,5,5,10.21,No
25,Medium,Yes,3.1,1,14.41,No
24,Medium,Yes,4.5,2,26.88,Yes
42,Low,Yes,4.2,2,29.86,Yes
52,Medium,Yes,3.7,1,32.64,Yes
33,High,No,3.8,1,35.51,Yes
36,High,Yes,3.9,1,23.17,Yes
25,Low,Yes,5,3,15.87,Yes
120,Medium,No,3.5,2,37.3,No
51,Low,Yes,4.2,0,23.7,Yes
56,Medium,No,4.1,1,28.39,Yes
18,Medium,Yes,5,1,39.87,Yes
24,Medium,Yes,4,0,35.5,Yes
28,Medium,Yes,5,1,6.56,Yes
22,High,No,4.1,3,31.68,Yes
41,Low,Yes,3.6,0,12.98,Yes
44,Medium,Yes,3.7,2,16.63,No
120,Medium,No,4.1,0,26.31,Yes
32,Medium,Yes,2.6,3,34.43,No
120,Medium,Yes,4.8,2,23.58,Yes
39,Low,No,3.6,1,43.27,No
19,High,Yes,3.7,1,35.98,Yes
33,Medium,Yes,4.9,0,24.33,Yes
53,Medium,Yes,4.5,3,32.03,Yes
18,Low,Yes,3.5,2,10.1,No
53,High,Yes,4.7,1,16.85,Yes
35,Medium,No,4.8,3,30.69,No
51,Medium,No,4.4,1,24.89,Yes
18,High,Yes,4,2,31.47,Yes
59,Low,No,4.8,0,20.02,Yes
18,High,Yes,3.4,1,26.6,Yes
52,Medium,Yes,4.4,2,41.92,Yes
34,Medium,Yes,3.6,1,34.91,Yes
120,High,Yes,4.6,0,20.88,Yes
57,Low,Yes,4.2,0,37.59,Yes
40,High,Yes,4.8,3,25.1,Yes
19,Low,Yes,5,2,25.16,Yes
23,Medium,Yes,3.8,4,16.76,No
22,Low,No,5,1,19.34,No
40,Medium,Yes,5,5,27.11,Yes
23,Medium,Yes,4.9,1,28.8,No
27,High,Yes,4.6,3,26.07,Yes
19,Medium,Yes,3.4,1,21.2,Yes
43,Medium,Yes,3.4,1,30.91,No
57,Low,Yes,4.5,1,20.65,Yes
41,Medium,No,4.6,3,16.93,No
35,Medium,Yes,3.4,1,29.29,Yes
21,High,No,4.8,0,27.43,Yes
32,Medium,Yes,5,1,23.71,Yes
49,Medium,Yes,4.3,2,33.5,Yes
43,Medium,No,4.3,3,30.71,No
42,Medium,Yes,5,2,21.78,Yes
58,Low,Yes,4,0,50.24,Yes
37,Low,No,3.7,3,5,No
51,Medium,Yes,3.8,0,24,Yes
40,Low,Yes,4.3,0,37.15,No
20,Medium,No,4,2,35.94,No
30,High,Yes,4.8,2,19.5,Yes
36,Medium,No,4.3,1,23.56,Yes
20,Low,No,5,0,30.71,Yes
34,Medium,No,4.5,2,33.36,Yes
31,Medium,Yes,4.2,1,16.04,Yes
20,Medium,Yes,5,0,37.91,Yes
120,Medium,No,3.6,0,27.2,No
27,Medium,Yes,4.9,2,40.08,Yes
28,Low,No,3.8,2,32.63,No
120,High,Yes,3.3,3,16.99,No
27,High,Yes,5,1,28.61,Yes
25,Medium,Yes,4,3,7.34,No
29,Low,Yes,5,0,25.29,Yes
43,Medium,No,3.3,2,6.23,No
50,High,Yes,3.9,2,24.12,No
41,Medium,No,3.9,4,10.88,No
42,Low,Yes,3.5,1,5,No
18,Low,Yes,3.5,0,26.74,Yes
36,Medium,No,4.6,0,53.15,Yes
28,Medium,Yes,4.5,0,32.84,Yes
24,High,Yes,4.3,3,14.9,Yes
27,Medium,Yes,4.7,2,20.33,Yes
52,Medium,Yes,4.1,1,41.2,Yes
54,High,Yes,4,1,8.96,Yes
33,Medium,No,4.4,1,29.37,Yes
43,High,No,4.2,3,16.41,Yes
51,Medium,No,3.5,2,39.21,No
58,Medium,No,4.6,1,19.1,No
36,Low,Yes,4.1,1,21.27,Yes
54,Medium,No,3.8,2,14.06,No
32,Low,No,3.7,2,15.3,No
44,High,Yes,4.9,0,18.98,Yes
26,Medium,Yes,4.2,2,39.41,Yes
41,Medium,Yes,5,2,27.97,Yes
47,High,Yes,3.7,2,24.65,Yes
48,Low,Yes,3.7,3,8.6,No
31,Low,Yes,4.1,1,40.08,No
21,Medium,No,4.2,1,22.95,Yes
27,Low,Yes,4.3,0,43.69,Yes
56,Medium,No,4.6,1,23.67,Yes
50,Low,Yes,5,2,28.26,Yes
18,Medium,Yes,4.8,1,26.18,Yes
23,High,No,4.6,2,41.41,Yes
42,Medium,Yes,3.7,0,13.74,No
38,Medium,No,3.3,2,18.52,No
36,High,Yes,4,1,25.25,Yes
53,Medium,Yes,4.5,0,21.92,Yes
21,High,No,5,1,24.59,Yes
31,Low,Yes,3.7,2,28.86,Yes
18,Medium,Yes,4.1,2,40.1,Yes
29,Medium,Yes,3.7,0,32.76,Yes
49,Medium,Yes,4.5,2,24.42,Yes
46,Low,Yes,4.3,1,30.76,Yes
120,High,Yes,3.7,3,12.54,No
31,Medium,Yes,4.1,1,19.76,Yes
29,High,No,5,3,25.77,Yes
58,Medium,Yes,4.4,0,18.9,Yes
55,High,Yes,5,2,16.02,Yes
20,Low,No,4.9,1,9.73,No
56,Medium,Yes,4.7,0,34.36,Yes
30,Medium,Yes,3.8,0,32.32,No
52,Low,Yes,4.5,2,28.83,Yes
57,Low,Yes,3.8,2,19.77,Yes
20,Low,Yes,4.8,1,35.97,Yes
120,Medium,Yes,3.4,1,5.35,No
22,Medium,No,4.3,2,12.2,No
24,Low,No,4.4,0,16.5,No
33,Medium,Yes,3.8,3,28.18,No
46,Medium,No,4.7,1,18.83,No
54,Medium,Yes,3.5,2,26.35,Yes
55,Low,No,2.8,0,45.42,No
45,High,No,3.8,0,26.98,Yes
44,Low,Yes,4.9,2,20.88,Yes
36,Medium,Yes,3.4,2,37.22,Yes
28,Low,Yes,4.7,2,30.11,Yes
28,Medium,No,5,1,35.76,Yes
55,Medium,Yes,4.9,4,28.43,Yes
53,Medium,Yes,4.2,1,27.3,Yes
38,Medium,No,3.7,0,13.67,No
33,Low,Yes,3.1,0,5,No
120,High,Yes,4.9,1,22.27,Yes
24,Low,Yes,4.1,1,36.79,Yes
32,Medium,No,4.6,0,28.94,Yes
120,Low,Yes,4.3,2,19.07,Yes
44,Low,Yes,4.6,3,38.99,Yes
53,Low,Yes,4.8,1,17.1,Yes
59,Low,Yes,4.4,4,37.84,Yes
54,Medium,No,3.9,1,24.31,No
20,Medium,Yes,4.2,1,9.05,Yes
27,Medium,Yes,3.5,0,31.76,Yes
51,Medium,No,3.9,2,6.41,No
56,High,Yes,4.1,2,37.52,Yes
32,Low,Yes,4.3,1,10,No
30,Medium,Yes,3.9,0,22.24,Yes
42,Medium,Yes,4.1,3,15.74,No
21,High,No,5,3,12.39,No
56,Low,Yes,4.5,0,5,Yes
48,High,Yes,4.9,3,37,Yes
37,Low,Yes,4.4,1,28.2,Yes
31,Medium,Yes,4.4,1,30.84,Yes
26,Low,Yes,3.9,2,14.95,No
21,Medium,Yes,3.9,2,31.55,Yes
55,Low,No,4.7,1,19.29,No
21,Medium,Yes,4.1,3,23.67,Yes
59,Low,Yes,4,2,20.01,Yes
43,Medium,Yes,5,1,26.3,Yes
120,Low,Yes,4.6,2,26.37,Yes
27,Medium,Yes,5,0,11.21,Yes
23,Medium,Yes,4.3,2,21.62,Yes
59,High,No,4.4,0,22.95,Yes
53,Low,Yes,4,0,29.89,Yes
47,Medium,Yes,4,1,35.37,Yes
40,High,Yes,4.8,0,5,Yes
46,Medium,No,5,1,20.89,Yes
43,Low,Yes,3.8,3,23.97,No
40,Low,No,4.2,1,44.02,Yes
19,High,No,5,2,21.09,Yes
46,Low,No,3.6,4,5,Yes
42,Medium,Yes,3.8,0,31.88,Yes
19,High,No,4,2,24.19,Yes
36,Low,No,4.5,1,14.45,No
22,High,Yes,3.7,1,23.09,No
33,High,Yes,4.7,0,36.3,Yes
52,Medium,Yes,3.7,1,22.3,Yes
41,Low,Yes,4,0,27.71,Yes
31,Medium,Yes,4.4,2,16.14,No
18,Medium,No,5,3,20.16,No
20,High,No,4.5,3,19.45,No
19,Medium,Yes,4.6,2,26.12,Yes
38,Medium,Yes,4.3,2,20.12,Yes
20,Medium,Yes,4.4,0,34.58,Yes
52,Medium,Yes,3.4,4,32.01,No
50,Low,Yes,3.7,3,25.98,No
49,Medium,Yes,3.6,0,23.78,Yes
30,High,No,3.8,1,27.88,Yes
27,High,Yes,4.4,0,35.23,Yes
33,Medium,Yes,4.9,1,23.47,Yes
38,High,Yes,4.2,2,31.36,Yes
30,High,Yes,4.2,5,18.41,Yes
51,Medium,Yes,3.7,1,19.79,No
33,Medium,No,3.9,1,22.68,Yes
53,Low,Yes,3.1,1,24.8,Yes
55,Medium,No,4.7,0,5.86,No
51,Medium,Yes,4.5,0,34.62,Yes
48,Medium,No,4.1,1,23.16,Yes
41,High,No,4.6,1,23.01,Yes
43,Medium,Yes,3.3,0,26.34,No
28,High,No,3.1,0,25.93,Yes
48,Medium,Yes,4.1,1,27.49,Yes
21,Medium,Yes,4.3,3,36.84,Yes
35,Low,Yes,5,3,22.64,Yes
31,Medium,Yes,4.6,4,17.14,No
40,Medium,Yes,2.7,1,21.93,No
35,Low,Yes,5,1,38.6,Yes
19,Medium,Yes,4,1,22.62,Yes
34,Low,Yes,4.1,0,21.25,Yes
41,Low,No,4.2,1,34.72,Yes
59,Low,Yes,3.9,1,23.76,Yes
25,Low,No,4,2,19.91,No
54,Medium,No,3.9,0,13.47,No
31,Low,No,4.1,2,19.07,No
48,Medium,No,3.9,1,14.94,No
40,High,Yes,5,2,28.05,Yes
59,Low,Yes,4.8,1,26.39,Yes
27,Medium,Yes,5,1,36.22,Yes
27,Medium,Yes,4.1,1,11.36,Yes
23,Low,Yes,3.4,1,37.83,Yes
50,High,No,4.5,4,38.03,Yes
18,Medium,Yes,4.8,2,26.98,Yes
40,Medium,No,4.7,2,21.08,No
41,Medium,Yes,3.6,2,29.15,Yes
51,Medium,No,4.4,1,5,No
120,Medium,Yes,3.1,0,31.14,Yes
23,Medium,Yes,2.9,0,31.83,Yes
27,Medium,Yes,4.7,2,28.83,Yes
53,Medium,Yes,3.8,0,30.22,Yes
21,High,Yes,4.4,4,17.91,Yes
50,Low,No,4.4,1,19.71,Yes
26,Medium,No,3.9,1,26.89,No
30,Medium,Yes,4.5,1,36.87,No
120,Medium,Yes,4.6,4,30.38,Yes
52,High,No,4.4,1,25.04,Yes
39,Low,Yes,4.7,2,35.71,Yes
25,Medium,No,4.6,0,28.51,Yes
37,High,Yes,3.9,1,25.21,Yes
53,Low,Yes,4,0,35.47,Yes
59,High,No,4.7,2,31.53,Yes
51,Low,Yes,3.7,4,33.9,Yes
45,Medium,Yes,4.5,3,23.72,Yes
37,Low,Yes,4.5,1,25.41,Yes
51,Low,Yes,4.2,1,19.79,Yes
20,Low,Yes,5,2,23.76,Yes
53,Medium,Yes,5,3,22.59,Yes
57,Medium,Yes,3.9,1,50.39,Yes
23,Low,Yes,5,0,24.72,Yes
29,Low,No,3.8,2,11.18,No
24,Low,No,4,0,24.86,No
21,Medium,No,4.5,0,33.44,Yes
33,High,Yes,5,0,32.12,Yes
28,Medium,Yes,4.5,4,24.65,Yes
25,High,Yes,4.7,3,13.23,Yes
54,Medium,Yes,3.5,2,32.61,Yes
54,Medium,Yes,4.7,1,34.74,Yes
46,Low,No,5,2,39.68,Yes
23,Medium,Yes,3.4,1,6.47,No
31,Low,Yes,4.1,5,19.23,No
39,Medium,Yes,4.1,1,39.39,Yes
47,Medium,No,4.1,2,34.07,Yes
51,Low,Yes,4.6,2,25.61,Yes
54,Low,Yes,3.7,1,31.42,Yes
41,Low,Yes,5,1,14.27,Yes
29,Low,Yes,4,4,41.09,No
26,High,Yes,4.1,4,16.58,Yes
32,Low,No,3.4,1,21.92,Yes
19,Low,Yes,3.7,0,13.66,No
28,Medium,Yes,3.9,2,37.2,Yes
29,Medium,Yes,4,1,16.31,No
41,High,Yes,4.5,1,49.06,No
55,Medium,Yes,4,1,32.83,Yes
56,Low,Yes,4.6,2,19.08,Yes
49,Medium,No,3.5,2,38.63,No
56,Low,Yes,4.9,1,22.09,Yes
36,Medium,No,4.1,3,21.87,No
36,Medium,Yes,5,3,16.66,No
43,Medium,Yes,4.9,1,26.57,Yes
27,Medium,Yes,4.6,0,25.93,Yes
41,High,Yes,4.3,4,15.35,Yes
32,High,No,4.2,1,14.85,Yes
42,Low,Yes,4.2,0,33.51,Yes
50,Low,Yes,4.7,2,18.31,Yes
32,Low,Yes,5,0,25.52,Yes
29,Medium,Yes,4,1,41.75,Yes
35,Medium,Yes,3.3,4,31.76,Yes
56,High,Yes,3.2,1,15.95,Yes
120,High,Yes,5,1,36.6,Yes
48,High,No,4.4,0,37.61,Yes
23,Low,Yes,4.1,0,39.42,Yes
21,Medium,No,5,4,28.96,No
47,Low,Yes,3.7,1,41.85,Yes
25,High,Yes,3.7,1,22.59,Yes
37,High,Yes,3.4,1,5,Yes
43,Medium,Yes,4.7,0,41.14,Yes
46,Medium,Yes,4.3,0,32.33,Yes
39,High,No,3.8,2,18.74,Yes
26,High,Yes,4.3,2,17.77,Yes
19,Low,Yes,4.9,0,26.17,Yes
31,Low,Yes,4.2,3,13.1,No
51,Medium,Yes,4.3,2,22.62,Yes
25,Low,Yes,4.6,2,18.87,Yes
54,Low,No,3.5,3,40.23,No
47,High,Yes,4.4,1,10.93,Yes
26,Medium,Yes,4.6,2,29.23,Yes
41,High,Yes,4.9,1,17.52,Yes
26,High,Yes,4.3,1,19.13,Yes
30,Medium,No,3.8,1,32.55,No
29,High,Yes,3.2,1,18.11,Yes
50,High,No,4.1,3,35.31,Yes
32,Low,Yes,4.1,2,18.48,Yes
42,Medium,Yes,4.3,2,45.61,Yes
40,High,Yes,3.9,3,36.77,Yes
31,High,Yes,5,1,21.08,Yes
44,Medium,Yes,3.6,2,40.54,Yes
47,Low,Yes,3.8,0,33.62,Yes
40,Low,Yes,4.1,2,28.42,Yes
30,Medium,Yes,3.6,1,21.46,Yes
37,Medium,Yes,4,2,31.44,Yes
42,Medium,No,4,2,28.18,No
36,Medium,Yes,4.3,1,22.36,Yes
42,High,Yes,4.9,0,31.92,Yes
32,Low,Yes,4,1,21.25,No
21,High,Yes,4.1,1,25.25,No
30,Medium,Yes,3.3,0,34.48,Yes
120,High,Yes,4,2,16.16,Yes
55,Low,No,4.1,4,5.26,Yes
20,Medium,Yes,4.7,1,25.38,Yes
59,Medium,Yes,4.2,2,40.55,Yes
50,Low,Yes,4.4,1,23.46,Yes
23,Medium,No,4.7,2,32.42,Yes
51,High,No,3.7,2,32.07,Yes
50,Low,Yes,4.4,1,37.41,Yes
23,Medium,Yes,3.8,3,40.68,No
23,Medium,Yes,4.9,1,19.53,Yes
45,Medium,Yes,3.2,1,15.43,No
46,Medium,Yes,3.4,0,23.85,Yes
23,Medium,Yes,5,0,5,Yes
56,High,Yes,4.1,1,9.78,No
43,High,Yes,4.1,1,29.92,Yes
36,Medium,No,3.4,1,23.32,No
55,Medium,Yes,4.2,4,22.33,Yes
46,High,Yes,4.1,0,31.13,Yes
46,Medium,Yes,4,0,33.46,Yes
120,Medium,Yes,4.3,1,14.64,Yes
44,Medium,Yes,3.9,3,15.57,No
34,Low,Yes,3.9,1,42.22,Yes
23,Low,No,4,1,5,No
53,Low,Yes,3.7,3,43.9,No
30,Low,Yes,4.2,1,10.34,Yes
18,Medium,No,3.8,3,25.78,No
46,High,No,3.3,2,34.01,Yes
20,Medium,Yes,3.5,2,21.93,Yes
37,Low,No,4.3,2,21.81,Yes
34,Medium,Yes,4.5,2,19.64,Yes
29,Medium,Yes,2.9,1,27.74,Yes
44,Low,No,4.2,2,13.42,No
28,Low,Yes,5,2,22.38,Yes
21,Low,No,4.3,0,19.69,No
43,Low,No,4,2,43.19,No
55,Low,No,3.6,2,25.36,No
59,Low,Yes,3.9,1,14.53,No
36,Medium,Yes,4.2,2,27.69,Yes
33,Low,Yes,4,0,27.12,Yes
31,Low,Yes,3.5,0,33.21,Yes
48,Low,Yes,5,9,26.38,No
34,Low,Yes,4.3,1,5,Yes
20,Low,Yes,3.7,2,31.28,No
21,Medium,No,3.6,0,31.98,No
48,High,No,4.9,0,25.65,Yes
53,Low,Yes,3.4,2,37.28,Yes
38,High,Yes,4.1,2,34.67,Yes
20,Medium,Yes,4.1,2,8.11,Yes
33,Medium,No,4.4,1,28.41,No
22,Low,No,2.7,2,28.13,No
48,Low,Yes,4.2,0,24.47,Yes
49,Low,No,4.5,0,32.96,Yes
35,Low,Yes,4.9,2,25.11,Yes
22,Low,Yes,4.6,1,25.82,Yes
43,Medium,Yes,4.2,3,9.57,No
59,Low,No,4.1,2,19.64,No
31,Medium,No,4.6,1,20.22,Yes
38,Low,Yes,4.9,2,25.01,Yes
120,High,Yes,4.4,3,29.49,Yes
42,Low,No,4.4,2,26.18,Yes
48,Low,Yes,3.3,2,27.47,Yes
120,Low,No,4.8,1,25.01,Yes
55,Medium,Yes,4.3,1,29.99,Yes
21,Medium,No,4.3,2,29.86,Yes
26,Medium,Yes,3.4,2,19.48,No
58,High,No,4.8,0,12.77,Yes
48,High,Yes,3.6,1,30.59,Yes
24,Medium,Yes,3.9,1,24.67,Yes
54,High,Yes,4.3,0,35.94,Yes
52,Medium,Yes,3.6,1,21.4,Yes
44,Medium,Yes,4,1,26.17,Yes
40,Medium,No,3.5,2,19.03,No
26,Medium,No,5,1,27.9,Yes
30,Medium,Yes,4.5,2,32.17,Yes
23,Low,Yes,4.7,2,28.9,Yes
25,Medium,Yes,5,1,29.81,Yes
40,High,Yes,5,2,46,Yes
55,Medium,Yes,3.8,2,29.28,No
43,High,Yes,3.9,0,27.96,Yes
40,Medium,Yes,4.2,3,20.24,No
31,Medium,Yes,3.8,0,26.15,Yes
23,High,Yes,90,1,28.03,Yes
39,Medium,No,4.1,3,18.75,No
28,Low,No,4.3,1,17.82,No
45,Medium,Yes,3.7,3,28.92,No
120,High,Yes,5,3,22.74,Yes
42,High,No,4.5,0,12.67,No
24,Medium,Yes,3.7,3,22.47,No
22,Medium,Yes,4.9,2,19.29,Yes
25,Low,Yes,3.6,2,14.62,No
